avg_reflectance(%),uniformity(%),max_high_angle_R(%),delta_R_temp(%),avg_stress(MPa),layer1_thickness(nm),layer2_thickness(nm),layer3_thickness(nm),layer4_thickness(nm),layer5_thickness(nm),layer6_thickness(nm),layer7_thickness(nm)
9.9923,0.4297,10.0088,0.0030,32.3309,37.4240,94.8263,46.6331,128.2774,36.4730,62.6194,44.8019
1.4966,43.7916,0.3132,0.0036,40.8835,60.7566,30.6998,93.0665,32.2111,60.0621,20.0782,106.3256
2.4510,24.4028,4.0729,0.0000,35.9911,51.9982,36.4685,21.7593,70.9867,27.1596,67.5742,112.6250
4.9540,13.5569,5.7179,0.0058,28.2001,20.0002,139.9802,20.0000,140.0000,20.0001,139.9977,20.0000
0.2777,95.2697,1.3466,0.0017,34.1468,57.6843,34.0378,26.2805,32.7162,47.4058,121.4747,27.2641
0.3731,155.7989,2.7020,0.0021,33.0774,54.9824,39.9215,20.0371,38.3816,42.3917,125.0116,20.3321
2.5777,89.8571,0.2048,0.0092,34.7634,60.4225,33.9457,26.1269,50.5368,27.9787,136.8876,96.6088
22.0374,4.2711,24.5888,0.0013,32.0198,28.5317,35.2195,30.0882,101.6529,30.3780,134.1192,57.5567
22.6098,1.6225,23.4279,0.0030,31.9641,28.5317,35.2195,30.0882,101.6529,30.3780,137.4575,57.5567
6.5267,49.8157,1.9137,0.0184,28.7324,22.5495,139.9738,27.1166,139.5934,20.0008,111.8777,20.1441
0.7044,145.8490,4.8576,0.0031,30.7378,55.5095,33.6032,22.4456,125.5930,20.0037,135.8635,20.7460
0.3899,142.4532,2.5747,0.0018,33.2387,54.6913,39.9215,20.0371,38.3816,43.4310,124.2313,23.7136
7.4217,43.7586,2.0976,0.0176,28.6651,28.7989,139.9158,20.0456,139.7734,20.0109,116.4218,20.0209
10.1025,38.5847,0.9639,0.0163,29.1033,37.0978,139.9868,21.8825,124.9854,20.0508,119.0873,20.1034
19.6768,7.5219,22.6603,0.0011,32.4597,20.6900,41.3023,24.0606,42.4649,21.9350,64.1747,21.3183
13.6523,3.5744,14.9598,0.0011,37.7432,28.3535,20.6428,51.8133,20.0067,46.6143,62.7595,54.8078
3.9234,33.0254,6.0581,0.0087,28.8687,20.4793,138.3602,27.4262,126.1061,23.8299,136.4351,24.4107
1.5678,99.5336,7.4723,0.0054,29.6678,20.1930,75.6015,26.8946,102.4267,25.6323,138.1548,23.5389
4.3446,16.7996,6.3161,0.0001,36.2219,50.3592,31.3314,21.8129,71.2155,31.5675,66.5756,112.4684
17.8596,1.0531,18.3926,0.0020,37.2022,36.7573,20.3613,42.1575,20.4119,40.6869,66.1622,47.7352
21.8990,1.7460,22.9339,0.0025,31.5430,24.7232,41.4957,26.6249,101.8466,28.9384,135.8386,55.4564
0.8714,22.1126,0.5674,0.0019,40.5185,60.5918,29.2868,91.9999,33.7144,58.6001,28.6717,106.2506
0.3666,147.2906,2.5184,0.0019,33.1343,55.1571,39.5029,20.2094,38.2378,43.1611,124.8196,20.3330
0.5917,131.4763,3.7953,0.0033,30.9286,56.8436,34.2133,20.6080,125.6194,20.0517,135.7991,27.0522
18.1868,3.1851,18.6900,0.0066,29.4763,20.3300,43.8816,20.6516,104.5031,20.4065,136.9051,20.8768
16.6868,2.9318,18.2908,0.0010,37.4197,36.8740,20.3613,42.1575,20.5076,43.1410,62.8324,47.7352
20.0975,2.1334,20.5269,0.0050,31.0471,20.6848,41.1276,27.2334,103.0596,20.6465,135.8386,52.7977
18.0332,4.3193,17.7108,0.0077,29.5365,22.2143,39.7753,20.1557,105.4262,20.4173,137.1604,20.0479
16.1210,2.0372,16.6849,0.0015,38.9119,38.5647,20.3015,40.2139,20.4520,48.7376,63.6959,111.1599
6.9710,37.4493,3.2141,0.0151,28.7768,28.8827,136.9214,20.0360,138.4372,20.0441,120.5085,23.1975
6.4334,50.4802,2.0463,0.0179,28.7556,22.5495,139.8237,26.9102,139.5934,20.0388,113.3195,21.2988
6.6111,49.4063,0.6946,0.0128,29.3071,20.0019,87.3006,27.0002,103.3923,20.1348,136.4721,22.6576
11.0175,1.6166,10.9370,0.0044,32.3044,21.5464,53.4101,20.2674,80.7066,20.1488,71.7347,56.4737
6.7557,37.0424,3.2181,0.0145,28.5254,20.1017,139.7793,20.0001,139.9774,25.4935,121.0669,20.1773
6.0443,45.3982,2.5900,0.0155,28.5885,20.1309,139.7843,24.9591,139.7912,21.1463,119.3703,20.9973
7.3378,41.7548,1.8409,0.0166,28.6838,29.1430,139.7203,20.0922,138.5170,20.0056,117.8488,20.1851
20.7365,3.4555,22.4565,0.0005,34.7212,23.2513,40.6011,26.9070,39.0693,29.1856,66.6136,59.0038
6.0902,54.3027,1.0043,0.0141,29.1655,20.4088,84.7235,27.0680,109.4274,20.1532,139.5619,20.1569
5.9745,52.1706,2.0244,0.0169,28.7684,20.4983,139.7329,29.5759,138.4103,20.0941,114.4098,20.9677
7.5938,41.1196,2.6017,0.0182,28.6313,27.2528,139.9158,20.2276,139.1367,20.0225,115.5327,20.0327
19.1278,2.3738,20.2912,0.0014,33.8703,23.8264,41.9245,20.4398,48.4457,28.6822,67.5312,52.8985
12.6822,1.8459,13.0354,0.0024,37.0882,20.5173,26.3236,50.8496,20.5068,46.5648,61.5805,47.7060
15.4131,2.7545,16.8427,0.0013,36.8101,22.2863,26.5048,49.4100,20.1759,36.9004,64.2344,51.3480
5.8394,46.1377,2.5536,0.0153,28.5402,20.0174,139.9781,25.7908,139.7912,20.0194,119.3703,20.0208
3.3743,51.3726,8.7111,0.0098,28.5216,20.0513,139.9907,25.3299,123.4976,20.4704,139.1021,20.1847
9.3930,45.5760,0.8911,0.0130,29.0683,20.4113,92.7385,20.6204,106.6973,20.4825,130.0870,22.6319
3.7560,35.6732,7.4095,0.0089,28.5693,21.3963,138.6711,25.7974,126.1344,20.1108,137.8378,20.1640
16.9744,5.2358,19.2710,0.0006,36.2687,20.2738,36.3291,25.9926,48.1279,29.6800,61.4491,112.3630
13.3309,5.2374,15.3589,0.0007,38.5001,20.7456,27.4264,49.1771,21.1311,43.0643,60.4592,113.4395
0.6823,148.8454,4.8006,0.0031,30.7817,55.9324,33.3485,22.0667,125.4748,20.0142,135.7991,21.7900
2.9206,109.4552,14.4284,0.0105,28.8518,20.0529,139.9729,27.4660,108.0254,20.0622,139.6128,24.8739
8.0992,10.8766,10.2640,0.0003,38.4489,20.2026,24.9840,56.4989,28.8329,45.1034,59.1331,110.0744
14.9802,1.6726,15.6480,0.0026,36.3962,20.4181,36.2162,26.7395,50.6327,38.2978,62.5851,112.4768
7.2532,11.8712,10.0713,0.0007,38.8196,72.3050,41.1261,52.2119,22.9633,43.4990,56.7344,102.1474
14.1633,3.8507,15.5261,0.0009,37.6539,29.4652,20.6428,50.8499,20.7042,46.0181,62.8126,53.0860
10.8601,43.0616,1.3824,0.0124,29.1385,20.0206,90.5115,24.6271,107.8402,20.0708,127.0614,20.1862
1.7851,69.1442,4.9913,0.0075,29.5617,20.3537,76.9142,27.9611,103.3595,25.2477,139.3134,20.8687
3.1856,71.6205,11.8913,0.0097,28.8782,20.8340,138.2236,26.7643,118.4934,20.1453,136.3801,26.8181
0.6881,149.8413,4.8701,0.0032,30.7217,55.9324,33.3485,22.0667,125.4748,20.0142,135.7991,20.0488
2.1163,72.3398,0.2421,0.0066,37.6078,61.1331,26.2659,44.9238,23.7900,38.5157,62.7067,47.7497
9.5112,8.6971,11.2224,0.0007,33.9424,20.2354,103.8690,40.4869,60.2912,21.9260,67.9356,105.0504
5.3562,56.2133,3.4405,0.0126,28.7651,21.3167,139.9929,30.5627,137.5761,20.0902,119.3481,20.0804
9.7854,7.8714,11.7171,0.0008,38.5347,20.0073,26.2763,56.9554,20.2560,43.4409,62.0762,106.9605
3.0937,116.1855,15.7018,0.0099,28.9144,20.5258,138.7871,27.7337,106.4462,20.0363,139.2232,25.2595
5.7123,50.2400,2.0616,0.0152,28.7970,20.1032,139.9807,27.7034,138.7438,20.0005,117.8772,25.1333
1.3633,9.5037,1.5749,0.0019,39.2345,53.7220,30.1455,49.9837,23.2266,47.8686,58.4407,124.4796
3.1878,70.4335,11.3429,0.0104,28.7425,20.8340,138.2860,26.7659,118.4964,20.5722,138.4837,22.8189
2.3428,73.5566,0.9362,0.0085,29.8587,55.2885,111.7870,23.0225,128.7892,20.0344,138.1941,23.1982
18.3153,1.8034,19.5579,0.0018,35.7805,28.5292,40.5370,30.3178,22.0757,45.1146,62.8324,42.7244
12.4847,2.6593,12.5834,0.0023,38.0588,20.0438,24.9840,50.3200,28.9074,45.0493,62.8448,104.2073
4.5497,16.0476,5.0545,0.0059,28.3834,20.0151,139.9802,24.9361,137.5089,20.0000,139.9762,20.0517
3.3405,58.1867,8.3390,0.0115,28.7643,20.0360,139.9807,27.8846,120.1750,20.0002,139.6276,24.7708
2.7153,6.6741,3.0307,0.0026,39.3771,55.7332,29.5911,56.3941,23.2266,47.8686,58.4407,124.4796
7.3711,12.4387,9.3940,0.0002,37.8594,20.1787,28.9099,53.7017,37.8813,43.4536,59.2686,109.6872
0.6083,128.9758,3.8643,0.0032,30.7155,55.5095,35.1684,22.4255,125.5930,20.0037,135.8642,20.7460
1.6410,83.4151,0.5339,0.0060,31.1896,53.8162,44.6643,22.2702,128.0993,20.1067,139.8394,43.9094
5.5812,48.1180,2.2866,0.0143,28.6012,20.0054,139.9504,26.7545,139.1959,20.0536,120.2481,20.8935
9.1995,2.0948,9.5505,0.0030,36.9900,20.1819,37.6275,50.7405,55.1339,42.3913,59.2681,114.2557
6.1077,43.9657,2.7777,0.0156,28.5425,20.1032,139.7805,24.6190,139.7912,21.1463,119.3703,20.0051
13.1004,6.5434,13.9171,0.0062,28.8427,20.7486,98.8531,26.7994,130.3734,20.0122,139.9649,20.2441
1.1828,36.1782,0.3314,0.0026,40.6061,61.6296,28.9807,90.6716,32.2111,58.1013,27.9414,106.1779
13.5372,6.3531,15.8293,0.0007,33.3944,20.0240,41.9245,20.1657,60.8582,26.9616,67.4829,56.0039
6.1821,33.4574,3.6515,0.0122,28.5102,20.0232,139.9424,20.2773,138.5295,24.9189,123.2876,20.3035
8.7348,8.0518,11.1149,0.0008,39.0714,74.0863,34.8790,52.2119,22.9633,43.4990,56.7344,102.1474
21.6926,2.4892,23.2594,0.0019,31.4548,24.7232,41.4957,26.6249,103.0596,26.8131,135.8386,55.4564
0.6332,112.0644,3.4864,0.0034,30.5128,54.7142,38.1255,20.0770,126.2319,20.0289,137.7182,20.1286
13.4335,7.2354,16.3102,0.0003,35.2516,20.0874,42.2082,20.6745,59.3460,26.3989,64.3036,107.2567
2.2148,42.9440,4.0341,0.0068,28.9937,20.0975,78.9198,20.0116,118.4102,21.8320,138.2963,21.8001
3.0832,118.7027,15.4265,0.0096,28.9320,20.0475,139.9900,28.7055,99.8206,22.0892,139.9847,22.0976
2.9292,93.5168,12.8979,0.0112,28.7834,20.0528,139.8064,27.3067,112.4763,20.0621,139.6128,24.0093
20.4414,2.9206,21.8708,0.0009,34.4132,24.9369,44.4986,20.3555,38.8249,29.2386,66.7699,58.9244
3.7962,34.0380,6.8822,0.0085,28.4430,20.0518,139.9900,23.6914,129.7338,20.1154,139.9902,21.3417
8.4458,4.2049,9.2131,0.0025,35.6054,20.3134,28.2095,52.4406,37.8813,43.4536,59.2686,25.3082
6.6507,40.5290,1.2977,0.0137,29.1219,20.5589,139.9900,35.9716,125.2711,22.0892,118.5648,21.0213
2.0299,91.3263,0.2159,0.0081,34.6366,59.1181,34.2775,28.0660,50.5368,26.0774,136.1928,92.2469
11.2880,1.5026,11.5493,0.0035,32.1732,21.5084,57.1323,20.8364,83.3137,20.1488,71.8520,56.2318
2.4997,15.8213,2.4078,0.0041,39.1937,61.6296,42.9907,24.8124,32.4059,61.8727,28.7112,106.1779
12.4440,2.0525,12.7767,0.0022,37.9902,20.0943,24.9880,49.9328,29.4646,43.8218,62.0895,102.1188
18.8083,1.4743,18.7747,0.0048,31.8414,22.5479,44.4543,23.9790,98.8062,20.0033,67.9873,43.3012
4.1634,18.5912,6.2131,0.0070,28.4688,21.7592,139.3543,23.2643,130.6524,20.0290,135.3687,20.0075
5.3793,54.9760,0.5297,0.0127,29.3139,20.3960,82.2987,28.5780,108.9663,21.2907,137.1504,20.0552
5.8414,47.2898,2.2130,0.0147,28.6432,21.4056,139.9909,25.6823,139.1389,20.0904,119.5765,21.6261
15.0714,5.5629,17.3007,0.0006,33.3423,21.3670,41.9245,20.3083,58.4675,25.6231,67.5749,52.8985
6.0747,51.1652,1.9679,0.0170,28.9704,20.4007,139.0367,29.5759,138.4103,20.0295,114.4098,27.0540
2.8285,88.0695,0.2182,0.0095,34.8470,60.4225,33.9457,26.2076,50.5368,30.0074,137.0226,98.1918
12.3245,2.7043,12.9822,0.0020,32.5794,20.0273,40.0837,20.2146,69.0185,20.0878,71.8734,50.1061
20.9377,1.6919,21.6265,0.0039,31.3230,21.7354,41.0153,27.4195,103.0596,23.0534,135.9971,57.2703
0.8420,87.7048,1.7974,0.0049,30.9743,54.2496,40.1823,22.2702,125.8017,20.0143,139.8394,33.7310
0.3980,136.9947,2.4716,0.0021,33.0836,54.9335,39.5029,20.7307,38.2378,42.8848,126.5265,20.0166
1.6976,74.6021,6.6651,0.0052,29.2013,20.4526,76.9988,25.2793,106.6112,20.0172,139.7933,20.2519
7.8102,5.4016,8.5934,0.0024,35.6615,20.1787,28.9099,53.7020,37.3858,43.4536,59.2686,26.0200
4.4684,61.1782,13.8575,0.0063,28.3495,20.0174,134.7556,20.5081,128.3969,20.0033,138.2900,20.2283
21.0336,2.8661,22.7902,0.0018,31.3022,23.0624,44.1006,26.6249,102.9667,25.4228,136.7158,55.4564
0.3354,123.4211,2.0158,0.0021,33.1772,55.1571,39.7272,21.3186,38.2952,43.1611,124.2802,20.2840
10.6630,2.0980,11.1019,0.0018,38.3113,20.2026,24.9840,52.0595,28.9250,47.4750,58.6205,104.2073
20.8875,2.1174,22.1688,0.0024,31.4014,20.5520,43.2906,27.8147,102.2128,29.6289,134.3605,53.7484
5.3031,53.8492,0.6534,0.0123,29.3263,20.0200,84.0817,27.8032,106.7326,20.1201,137.3448,22.6350
11.5716,1.9515,11.6427,0.0023,38.2568,20.2026,24.9840,50.3200,28.9098,47.4750,59.1331,104.2073
6.3753,10.0756,8.0245,0.0008,34.6615,46.2134,31.4329,21.2158,71.2155,31.5675,66.5756,59.1472
0.6000,129.6692,3.8275,0.0033,30.7518,55.7072,35.1684,22.1583,125.4748,20.0142,135.7991,21.7900
15.2335,1.8859,15.2840,0.0026,36.4868,20.6913,39.7695,27.7742,48.1701,43.5892,60.3094,107.9770
4.6248,17.5866,6.6183,0.0047,28.6472,20.0001,139.1027,33.1902,139.0575,20.0727,139.9977,20.0000
5.0616,59.3771,0.7106,0.0136,29.5595,21.9148,78.5421,32.2424,106.2355,21.2907,139.5582,20.3261
0.6339,125.0284,3.7848,0.0038,30.5043,54.2822,39.6299,20.0743,124.2125,20.0220,137.7182,20.1286
0.5322,79.7112,1.2497,0.0032,31.8655,54.5006,37.5068,24.1042,56.4303,21.6664,138.6696,21.3152
6.7164,47.2707,0.7278,0.0120,29.2176,20.4088,84.7235,27.0680,109.4274,20.1493,134.3349,20.1569
17.7043,3.6157,19.5452,0.0011,34.0320,20.4021,36.2947,29.5832,48.4736,20.1961,67.9356,55.5692
5.1854,52.6725,1.3629,0.0125,29.3210,20.1616,79.7401,28.9271,118.4102,21.8320,138.2963,21.8001
2.9693,83.7941,11.8269,0.0116,28.8044,20.0529,139.9729,27.4660,113.9956,20.0622,139.6128,24.8739
21.2047,0.8770,21.4646,0.0026,34.5970,22.6732,40.6011,26.8641,39.0768,29.1856,69.3891,58.7939
0.9245,28.7128,0.4263,0.0022,40.2314,61.4731,29.4761,89.5203,29.5356,55.9478,39.0313,106.2208
2.6253,23.5795,4.3174,0.0001,35.8637,49.8364,40.0238,21.8726,70.1681,27.0370,67.5252,112.5740
14.2011,7.1414,17.0639,0.0003,35.1960,21.4051,41.9286,20.7612,59.8644,23.0896,66.3938,109.6574
3.8025,29.8376,7.1004,0.0080,28.8113,20.5566,135.6766,30.6688,124.5277,22.1164,136.3032,20.0086
0.3541,138.7267,2.3398,0.0021,33.0628,54.9824,40.5883,20.0371,38.3816,42.3917,125.1600,20.4661
3.0745,76.5109,11.3218,0.0113,28.6425,20.0174,139.8254,27.6398,115.8449,20.2051,138.9098,20.0026
5.6316,46.4248,2.3070,0.0139,28.5646,20.6847,139.9909,25.8955,139.1389,20.0904,120.9044,20.0901
11.1873,1.3999,11.3317,0.0038,32.1527,21.5084,57.1323,20.1252,83.3137,20.3319,71.8520,56.2318
7.3006,46.9141,1.0874,0.0134,29.3418,21.3837,87.3006,26.2871,103.3923,20.0411,136.9531,23.1409
21.1580,1.9452,22.0666,0.0037,31.2303,24.1982,39.5080,25.4697,106.3998,21.3317,136.9788,56.9970
0.5784,111.0211,3.1744,0.0035,30.9053,56.8436,34.2133,21.9035,125.6194,20.4175,135.7991,24.6974
3.3151,75.8261,12.4487,0.0093,28.3761,20.3435,139.9907,20.8060,122.2161,20.0159,139.9693,20.5115
9.9380,4.5117,10.1195,0.0019,38.7100,20.0106,24.6087,56.6936,21.6511,51.4689,61.8480,107.4656
16.8658,1.5833,17.4308,0.0016,38.6114,38.5647,25.1259,34.5691,20.4520,48.7376,63.8508,111.2722
1.8689,40.7415,0.3676,0.0027,39.3076,61.4308,29.2843,92.0066,33.6088,55.9190,28.5094,20.3813
14.6646,1.5364,15.2452,0.0024,36.7736,20.4052,26.5048,49.6212,20.5805,38.7708,64.8351,51.3838
10.2094,7.8594,12.1469,0.0006,33.4170,20.3733,41.9623,36.6766,60.9068,20.0162,68.4672,47.4385
3.2961,86.9253,13.7027,0.0088,28.3757,20.0004,139.9707,20.8151,120.6695,20.1710,139.1021,20.1847
9.1168,8.2297,10.7811,0.0016,33.4634,20.8792,34.5967,22.4563,72.9805,28.6998,72.2362,59.8780
12.7928,5.0971,14.5919,0.0013,33.9154,21.3670,41.9237,21.5610,58.4675,36.3891,62.1899,51.4465
22.4885,1.6027,23.5312,0.0025,32.0477,28.9764,35.8740,29.1052,100.2715,30.0815,136.6177,60.2559
0.6094,127.1129,3.8288,0.0032,30.7325,55.7072,35.1684,21.7834,125.9107,20.0181,135.7998,21.7749
11.6973,8.4446,14.2993,0.0011,31.5177,36.0719,95.6400,22.9743,132.0040,36.4730,62.6194,44.8019
21.2754,2.4111,23.0167,0.0024,32.6564,24.1257,44.1211,27.1616,38.8133,29.2774,139.2222,57.2329
21.4296,1.7738,22.3526,0.0028,31.3631,23.1627,44.1231,25.1386,103.2691,28.7636,136.6963,55.4934
21.5957,2.9727,23.3446,0.0017,31.4358,24.7232,41.1276,27.2334,103.0596,25.4499,135.8386,55.4564
3.5158,52.9951,7.7301,0.0111,28.6122,20.3355,139.9892,27.5208,121.8617,20.0003,139.6382,20.6385
1.9696,92.1285,8.7863,0.0038,29.0753,20.2528,78.1136,20.2452,108.4556,20.1534,139.5007,22.7946
15.3183,6.9747,18.0015,0.0003,36.0057,20.2720,46.6971,20.8927,47.8676,37.2617,61.4491,112.4768
0.4060,141.4485,2.6191,0.0019,33.1892,54.6681,39.9826,20.0371,38.0382,43.4793,125.0116,22.5916
16.4748,4.8674,18.5491,0.0009,35.3183,20.2181,44.6567,20.1582,53.2878,24.9434,67.1703,110.6513
2.9657,110.4370,14.7896,0.0103,28.8209,20.0276,139.8731,26.5712,109.7173,20.0659,138.9080,25.0832
10.5124,3.7286,9.7142,0.0046,31.7259,34.0771,94.0029,20.2146,79.8074,20.0878,71.8734,50.1061
1.6128,105.4058,7.9463,0.0049,29.4410,20.0731,75.5578,26.8946,102.3744,23.6251,139.6127,20.0442
4.0014,25.3597,2.5873,0.0070,29.3400,21.3837,73.6677,28.6227,128.9087,20.0411,136.9121,24.0389
2.9528,88.2572,12.5031,0.0110,28.7833,20.0072,139.9958,26.5712,114.4601,20.1159,138.9350,25.0832
3.9997,33.6547,5.3647,0.0086,28.4985,20.0518,139.9900,26.5837,129.7338,20.1154,139.9928,20.1121
11.5955,7.8344,12.3429,0.0073,29.0904,20.0115,98.2347,27.8297,131.9460,23.0676,139.7935,24.2127
1.1563,101.8338,5.9165,0.0051,29.8924,55.0828,101.9774,23.1734,129.4525,20.0421,136.3079,20.7891
0.4850,61.7267,1.3163,0.0004,40.0921,58.3307,33.8578,28.0345,32.3638,65.6844,20.0862,113.3546
12.1983,3.0114,13.5953,0.0015,38.0436,20.0943,24.9880,49.0791,29.4646,42.4797,59.7069,102.4035
15.7514,5.3454,18.1197,0.0005,35.0850,20.0276,44.6567,20.1582,55.7363,20.4588,68.1568,110.7962
19.2960,6.4156,21.2186,0.0018,30.8082,22.4435,44.4543,23.8682,103.3322,20.2159,67.9873,21.7818
22.3210,2.8094,24.1766,0.0016,31.8736,28.8586,34.3494,29.9203,101.6529,28.7860,134.3605,54.0109
21.7157,2.8193,23.4955,0.0017,31.5878,27.1764,41.4552,24.9250,102.7490,28.4932,135.9214,56.9970
3.3236,12.9752,3.3157,0.0045,39.0054,61.6296,47.2676,22.7322,32.4059,61.8727,28.9718,107.5989
0.3514,140.4190,2.3378,0.0020,33.1119,54.9335,39.9571,20.7625,38.2378,42.8848,124.9205,20.0166
1.9483,56.8097,5.0977,0.0067,29.3521,20.3537,77.9741,27.9611,103.3595,20.0141,139.3718,20.8687
15.8328,1.3347,16.0913,0.0024,36.7511,22.2863,26.5048,49.1634,20.5805,38.7708,66.3224,51.3352
19.3804,3.8365,21.4059,0.0007,34.2560,24.2511,41.4944,20.2268,43.6981,31.8010,62.4052,50.8774
9.8403,0.9296,9.7174,0.0031,32.3790,37.6883,94.8263,48.0874,128.2774,36.4730,62.6195,44.8019
2.2495,67.2333,0.4246,0.0076,30.2859,61.7772,99.6203,26.3444,130.5368,20.0040,136.5256,23.6013
9.6221,5.4317,8.8252,0.0061,30.3861,20.6528,30.3900,34.9797,136.0666,34.5839,135.6777,21.1382
16.2271,1.4077,16.9552,0.0027,36.6577,20.4505,35.7564,27.7510,45.4522,38.5496,61.2253,112.2905
5.8797,46.8062,2.2279,0.0150,28.5946,21.4056,139.9909,25.6823,139.1389,20.0904,119.3481,20.1330
14.7984,4.4589,16.5239,0.0013,35.3291,20.0202,41.4737,20.0137,58.8720,24.9673,68.4853,115.3205
9.7966,3.4327,9.2876,0.0048,32.2749,20.0273,40.0837,20.2146,81.2141,20.0878,71.8734,50.1061
18.9590,2.3402,19.7511,0.0047,31.1056,25.1274,43.4413,29.2992,100.6220,20.0181,76.5667,22.5076
8.0243,10.3829,9.9501,0.0012,32.6798,20.2175,56.8809,26.8553,70.0958,20.0063,70.8412,56.2318
8.1528,11.4717,10.7711,0.0007,38.1882,20.1793,27.8765,53.7682,31.9526,43.4536,57.4628,109.6872
7.5481,4.1507,7.6038,0.0027,35.1336,20.3134,35.3221,52.4406,39.3801,43.5169,58.0422,20.0692
3.0044,112.5644,14.9849,0.0103,28.7610,20.3333,139.9900,26.7773,107.2689,20.2073,139.8734,22.3422
16.0087,8.0076,19.8160,0.0008,32.9981,22.4435,44.1186,23.7994,53.1402,20.0608,67.2434,43.3213
0.5980,124.8480,3.6922,0.0032,30.8551,55.7072,35.1684,21.8035,125.9107,20.0181,135.7991,25.3607
21.1102,4.8080,24.0865,0.0016,31.2625,24.6719,41.0720,26.4535,107.4856,26.2565,135.5744,52.1436
1.5767,100.4898,7.2812,0.0055,29.6240,20.0047,76.4336,26.2063,101.3372,26.0385,139.8693,23.2741
0.4190,121.3362,2.4161,0.0021,31.7038,54.5006,37.5068,21.4715,56.0604,20.1435,136.7373,20.0002
7.1565,14.9465,9.6627,0.0003,35.8881,20.2026,24.9914,54.8522,108.5679,45.1267,59.1331,110.0744
2.9435,92.8417,12.7574,0.0119,28.8422,20.0089,139.9766,28.0974,110.9429,21.0334,139.1653,23.6199
11.4725,4.9019,13.3681,0.0009,38.1199,20.2256,24.9677,50.3200,29.4646,42.4797,59.1331,103.5377
2.0210,58.9796,4.3820,0.0076,29.3065,20.5198,77.5814,27.0680,107.0928,21.2281,139.5600,20.1569
1.6613,76.8691,6.6834,0.0050,29.2410,20.4110,75.2815,26.1910,108.9617,20.0144,139.8397,20.6006
0.9834,40.1479,1.8187,0.0012,39.5234,58.4261,33.9294,20.2747,38.7670,64.3269,20.0862,103.0205
3.0146,84.6070,12.3486,0.0108,28.6042,20.0174,139.8254,26.5587,115.6425,20.0801,138.9761,20.0523
16.5618,4.0426,18.2062,0.0010,35.4228,20.2796,43.7988,20.1030,53.2878,26.9156,67.2210,111.5156
17.2423,8.9122,20.9483,0.0016,30.5918,20.6900,41.3023,23.5766,116.2478,21.9260,67.9356,21.3183
0.4965,34.4156,0.7938,0.0008,39.8694,59.4649,32.6410,28.3426,34.5334,64.3269,20.0862,100.7613
3.1184,81.4498,12.6157,0.0096,28.4797,20.0538,139.9907,23.4401,119.4371,20.1710,138.6507,20.1823
6.2159,43.8761,2.9416,0.0165,28.5451,20.4958,139.9981,25.0402,139.7460,20.0022,117.4077,20.0252
8.9643,5.4847,10.1906,0.0015,37.9462,80.1818,26.5759,50.7224,39.1406,43.4610,57.6839,52.1163
20.4198,4.5929,22.4958,0.0017,31.1735,20.4101,44.7694,24.3699,104.7531,26.7977,131.8738,54.0655
5.1202,4.3232,4.7669,0.0026,33.6191,49.8364,137.4827,21.8726,70.1681,26.9818,67.5252,109.7086
14.6140,3.1397,16.0378,0.0014,32.8373,20.5607,42.1072,20.2025,61.4381,20.9984,69.8917,49.9956
0.7889,52.2839,0.7609,0.0036,31.0043,55.7072,35.1684,29.2992,125.9107,20.0181,135.7991,22.3408
20.1715,7.5087,23.1248,0.0012,32.5417,21.5162,41.3023,24.0606,41.2645,21.9350,64.1747,21.3183
14.9436,6.2738,17.7743,0.0009,32.9516,21.3615,44.5512,20.0974,56.9658,24.8125,66.2388,44.4428
6.1163,49.3196,2.1569,0.0173,28.7391,20.3802,139.0175,29.5759,138.4085,20.0295,114.4098,20.1136
5.9066,38.2548,2.8587,0.0121,28.5756,20.0232,139.9424,22.2009,138.5295,24.9189,123.2097,20.3035
16.3774,2.1862,17.5271,0.0020,36.6093,20.4505,36.4816,27.7510,45.4522,37.5813,61.2253,112.2905
16.5936,1.0921,17.0306,0.0019,37.5035,36.8740,20.3613,41.8058,20.0169,46.9221,63.4588,47.5878
11.7249,7.2028,13.9892,0.0005,39.5847,80.1818,27.0823,50.6297,21.9776,44.3134,56.7556,109.8640
14.0722,5.2577,16.2346,0.0012,33.5443,20.0362,35.9698,20.6803,59.2951,21.9970,65.5012,57.1955
16.8424,2.4621,18.0551,0.0013,38.7344,38.5647,20.3015,39.8750,20.8186,43.4378,63.6959,107.8848
17.6193,7.5089,19.9563,0.0013,32.2356,20.0666,36.3632,22.0420,50.1312,20.0133,62.1418,22.1334
13.0201,5.2110,15.0850,0.0009,37.5487,24.8231,20.6423,51.7748,22.6899,43.6958,60.8385,55.1411
0.6465,139.4284,4.2969,0.0031,30.8454,55.6983,34.2133,21.9035,125.6089,20.0438,136.3497,24.6638
15.9873,1.8308,16.4118,0.0023,34.9742,21.4051,40.8927,20.8437,59.8644,20.2222,72.2613,109.6574
0.4171,122.7767,2.4504,0.0021,31.7098,54.4851,37.5068,21.4715,56.0604,20.1435,136.3948,20.0002
18.0726,3.2533,19.6806,0.0008,37.3112,28.9462,34.6764,28.9830,37.8813,43.4643,59.2686,109.6872
14.5792,1.2225,14.7548,0.0023,38.4132,22.2855,26.5048,49.4100,20.0891,44.3611,64.2244,109.6089
14.4801,1.1435,14.8698,0.0020,37.0523,22.2863,26.6579,49.5319,20.1449,44.7311,63.8500,51.2509
16.1599,6.8347,20.0434,0.0051,29.2904,22.1175,39.4524,20.0510,126.7325,20.9918,139.5762,20.3448
5.4100,51.8918,1.1960,0.0134,29.8334,31.6438,74.7852,26.8946,104.1106,20.8494,139.6127,22.1170
19.2272,3.1829,20.9844,0.0010,34.2707,23.9724,41.4944,20.0102,43.6981,32.6732,62.4052,50.8774
6.2814,46.8922,1.7636,0.0159,28.7757,23.4347,139.8192,27.7017,136.3287,20.1687,116.5679,20.0864
0.5520,88.7456,1.7284,0.0009,39.4903,55.3964,38.9119,26.8599,39.0778,64.2721,20.8253,113.3546
3.0746,106.3366,15.1700,0.0101,28.6743,20.0275,139.8673,25.3442,113.0855,20.0665,136.8860,22.3003
0.6628,120.4819,3.8795,0.0033,30.4970,54.2822,38.1635,20.0743,126.2319,20.0220,137.7182,20.1286
1.4677,68.2619,4.3041,0.0064,29.6962,52.7102,109.5944,20.5754,129.4994,22.2371,137.6368,20.0832
2.8997,96.1044,13.0963,0.0111,28.9081,20.0007,139.9706,27.4660,111.5054,20.0015,139.0737,27.3804
20.2459,3.7938,22.2878,0.0040,30.6959,20.3768,41.9177,28.7270,108.4449,25.2477,137.5355,40.2899
7.9202,13.0203,10.6364,0.0008,32.7036,20.0995,56.6456,20.0911,70.8719,24.9479,71.9055,59.7985
20.9505,2.7063,21.0832,0.0042,31.4137,20.0909,41.5312,27.8147,102.2128,29.6289,134.3605,53.7508
3.1404,77.5133,12.1761,0.0096,28.4739,20.0538,139.8238,23.4401,120.2870,20.1710,139.1021,20.2524
3.6643,62.4810,11.7572,0.0078,28.5018,20.0009,136.2912,23.5685,126.1344,20.0027,139.5064,21.7401
4.3964,30.8694,3.5169,0.0093,28.8593,21.2410,139.9946,30.1735,125.7666,20.0014,134.3449,24.2512
12.7155,2.7590,13.6501,0.0017,37.1729,20.0354,25.3450,53.4730,20.4913,42.2203,66.4336,58.8763
8.2351,11.6610,10.4507,0.0005,33.7757,21.3615,44.5512,39.3436,56.9658,26.0351,66.2388,44.4187
3.0594,79.3675,11.1798,0.0123,28.7343,20.0475,139.9900,28.9442,112.9501,20.2109,139.9847,21.0050
9.3375,48.2567,0.6450,0.0136,29.2143,20.0245,90.8793,25.0379,102.2686,20.1583,130.2237,21.1095
21.5114,1.9934,22.2345,0.0035,31.2844,23.1627,41.5025,26.6249,103.0596,25.4499,135.8386,53.2416
2.2857,65.9501,0.4000,0.0074,30.3085,61.7772,99.6203,26.7994,130.5368,20.2724,136.4048,23.6013
1.1854,29.3657,1.5516,0.0028,30.3163,53.7490,38.1635,20.0743,137.0317,20.0246,139.6081,20.1286
17.0037,3.6733,18.7735,0.0011,36.5318,20.4505,35.7564,27.7510,45.4768,33.6083,61.3021,112.2905
1.3154,82.3402,5.3762,0.0058,29.7309,52.7428,106.5090,23.0225,129.5582,20.1044,138.2004,20.0901
3.6942,16.1911,5.1584,0.0007,34.4892,49.5566,34.0653,20.9058,69.9312,26.2356,65.6159,56.4293
18.9472,5.0271,20.6726,0.0013,32.2006,20.0666,40.9996,22.0420,43.4180,20.0133,65.3490,22.1334
0.5963,126.6936,3.7112,0.0035,30.7101,55.9724,35.1684,22.2783,125.1331,20.0286,135.7991,20.0409
2.9082,108.3726,14.2047,0.0107,28.8953,20.0418,139.7143,27.8313,108.0482,20.0591,139.9917,25.8560
0.3760,153.3430,2.6676,0.0021,33.0684,54.9824,39.9138,20.0382,38.3816,42.3917,125.4025,20.3322
2.6521,89.5117,0.2058,0.0093,34.7844,60.4225,33.9457,26.1269,50.5368,28.6998,136.8876,96.7764
7.9342,40.7744,1.6061,0.0161,29.0702,28.7989,138.7145,29.5881,130.0486,20.0108,116.4218,20.0209
3.8754,21.4314,5.6962,0.0062,29.8983,37.3501,126.3334,26.3228,126.7550,20.0125,68.6813,20.6820
22.0629,4.1294,24.5776,0.0013,31.9299,28.8586,35.4067,29.9435,101.6529,29.5034,134.3605,55.6028
8.6802,2.2496,8.8870,0.0041,34.5699,20.0874,56.6456,20.0249,70.8719,26.3716,64.4625,109.6629
3.3463,74.1234,12.7343,0.0085,28.3854,20.5928,139.9431,20.8553,122.2161,20.0022,138.3529,20.1581
11.9379,4.0354,13.7384,0.0013,38.0817,20.0943,24.9880,49.0791,29.4646,42.4797,58.7513,102.4035
2.2569,31.5878,0.5238,0.0040,32.7258,61.7772,99.6203,28.0165,130.5368,20.2724,125.9311,114.0662
22.4026,2.2701,23.9752,0.0023,31.7619,28.8586,34.3494,29.5575,101.6529,29.3243,134.3605,50.3596
1.2365,22.7871,1.8730,0.0025,30.6052,55.0616,107.2531,23.0640,132.7732,20.0882,64.9340,20.5345
6.3065,46.4104,1.7152,0.0160,28.7666,23.4347,139.8192,27.4421,136.3817,20.1687,116.5679,20.0864
16.2586,5.7847,18.5214,0.0004,35.4612,20.1299,44.6567,20.3007,53.3614,26.4276,67.1703,114.3056
19.0203,4.0095,20.4159,0.0017,32.5490,20.3564,37.0741,24.0606,43.3670,21.9350,64.1747,21.3290
20.5937,1.0049,20.8366,0.0029,34.5360,24.5068,42.1045,20.0531,38.9807,31.1548,66.3171,58.6150
21.9620,3.6712,24.2839,0.0015,32.0184,27.3474,35.6365,30.4355,101.8380,31.5677,134.2532,57.5567
1.6992,63.0674,5.7745,0.0055,29.4168,20.4276,77.6624,25.3305,106.6112,20.0172,139.7933,26.0757
17.1438,4.0311,18.4639,0.0056,29.3026,20.6528,106.5917,24.0913,115.7225,31.7134,134.3968,21.3154
2.5020,90.8929,0.2117,0.0092,34.6987,60.3709,33.9457,26.1269,50.5368,27.9787,136.8876,93.9441
0.9591,27.9259,0.4804,0.0021,40.7397,61.0324,29.1113,92.0066,32.2111,59.5704,27.7351,116.4133
15.4591,1.5671,16.1885,0.0029,36.4983,21.2844,34.2040,25.3107,49.4618,37.2617,61.4491,112.4054
4.8492,32.5919,5.6001,0.0051,29.3665,22.0690,139.9920,25.3240,138.1632,23.1242,62.7673,24.7044
6.5267,49.8156,1.9137,0.0184,28.7324,22.5495,139.9738,27.1166,139.5934,20.0008,111.8777,20.1441
0.6395,137.8040,4.2337,0.0033,30.6057,55.0182,36.5277,20.9317,125.3663,20.1084,136.6775,20.2163
1.0435,27.4347,0.4982,0.0021,40.4222,60.0686,29.6427,93.2540,33.7807,56.2560,31.6070,110.5685
3.0322,98.9693,14.0518,0.0100,28.7259,20.0275,138.2860,26.7659,114.7702,20.0665,138.6968,22.8296
16.6277,1.8834,17.6373,0.0022,36.6866,21.6356,35.7564,27.7510,45.4522,38.5496,61.2253,112.2905
0.4621,80.8136,1.4873,0.0027,31.7931,54.5006,37.5068,23.6833,56.4303,20.1435,138.6696,21.3152
12.2277,5.0392,12.0976,0.0058,29.5021,24.6757,112.3938,39.0087,138.5288,28.8791,137.1077,20.1572
20.5633,4.0194,22.7479,0.0014,31.6326,20.3084,42.3224,30.2730,101.6529,28.8758,134.2532,58.5938
1.0707,94.4409,3.9508,0.0018,34.1562,58.3240,32.9716,27.2293,84.0013,20.0878,72.6738,54.4915
22.4371,2.2792,23.7847,0.0021,31.9572,28.8586,34.3494,28.7889,101.6529,28.7860,134.3605,57.7815
2.9668,85.2702,12.0502,0.0114,28.7702,20.0528,139.8064,27.4660,113.9956,20.0621,139.6128,23.8101
20.5851,2.5960,21.9380,0.0011,34.3254,22.5417,43.5063,26.7093,37.4559,24.6334,69.5974,57.6464
4.1297,18.7189,6.0791,0.0002,36.1157,50.3592,31.2432,21.8129,71.0304,28.8245,66.5756,110.2600
6.7432,39.2865,2.7988,0.0145,28.5696,21.4188,139.8311,20.0001,139.9805,25.4935,121.0545,20.1773
7.6130,42.8567,1.7844,0.0180,28.6863,29.1430,139.9158,20.0099,139.1367,20.0125,115.6918,20.0327
5.7991,43.9398,2.7980,0.0148,28.5489,20.1616,139.7339,25.6823,139.1389,20.0101,120.1446,20.2225
22.4824,1.9009,23.6698,0.0023,31.8417,28.8586,34.3494,28.7889,101.6529,28.7860,134.3605,54.1436
1.6069,105.0938,7.8910,0.0050,29.4599,20.0738,75.5578,26.8946,102.3744,23.8018,139.6127,20.3640
8.8009,4.9199,8.4749,0.0033,32.9709,20.1452,27.9580,52.3898,125.9410,42.4813,59.2681,26.2367
5.9079,42.6942,2.7440,0.0149,28.6018,21.3167,139.9929,25.6823,137.5761,20.0902,119.3481,20.0917
5.8031,53.4415,0.7454,0.0133,29.2724,20.3537,85.4443,28.0184,103.7569,20.0141,139.3718,20.8695
1.9838,62.1338,0.4265,0.0064,30.1992,61.0695,99.7565,26.7994,131.3905,21.2172,136.4048,20.0267
3.0182,103.8218,14.3763,0.0106,28.6026,20.0968,139.9736,25.3299,112.7338,20.4704,139.1021,20.1847
2.9410,107.5113,14.3347,0.0106,28.9139,20.0529,138.3582,29.1541,108.9537,20.0622,139.6128,24.8739
0.7466,27.9171,0.5406,0.0019,40.1462,60.7535,33.8576,26.5993,30.8437,64.7065,20.0106,112.2792
11.8732,2.5418,12.2148,0.0024,34.8961,20.0273,36.5515,24.9457,69.0185,20.0878,71.8734,108.7329
18.6068,2.3535,19.7395,0.0015,33.6735,20.1031,43.6878,27.8111,46.6811,20.0916,73.7513,57.6725
0.3276,118.3928,1.8913,0.0020,33.3019,55.1571,39.7272,21.3747,38.3527,43.1611,124.2802,23.9188
22.2322,3.3165,24.3636,0.0014,31.8900,29.5857,34.3494,29.7071,101.6529,28.7860,134.3605,54.0109
19.0655,5.8367,21.1524,0.0015,31.6662,22.4435,44.1176,23.8094,107.9650,20.0978,67.2434,43.3012
3.4078,47.5253,9.0840,0.0092,28.5468,20.0513,139.9907,25.3910,123.5777,20.4704,135.8307,20.1847
15.9310,2.2518,17.0127,0.0020,35.7373,20.1299,35.4917,26.7077,53.8729,24.6361,67.1492,109.9561
2.3902,47.9998,3.4171,0.0077,29.0287,20.0975,79.4720,20.0037,118.4102,22.8993,138.2963,21.8001
9.2695,5.8609,9.6128,0.0044,30.0085,20.6593,33.7639,26.1808,138.3672,34.2158,135.6289,21.7646
3.4351,74.4840,13.2659,0.0072,28.6244,20.0905,135.4470,26.8888,121.7869,20.0333,136.7367,20.1835
0.8165,24.3547,1.4658,0.0007,39.9042,60.2432,32.6038,20.6959,34.5334,64.3269,20.9191,112.2792
3.7264,31.3542,7.8383,0.0072,28.3549,20.0174,139.8988,22.1660,129.8675,20.0294,138.2900,20.0314
4.8105,17.9073,4.6664,0.0038,30.3774,22.0690,139.9920,25.3131,138.1632,20.6204,64.4568,57.9913
1.0993,27.8069,0.9497,0.0030,30.4095,56.2158,38.1255,20.0770,137.5066,20.0289,138.4613,20.1286
0.7346,68.0141,2.2531,0.0033,32.0923,56.2502,36.5436,20.3082,124.7566,28.0647,67.5749,21.1349
1.8206,72.2897,1.1599,0.0071,30.0568,61.0484,99.9200,22.2361,132.3910,20.3085,138.2496,21.8067
8.3462,12.2782,10.8584,0.0007,32.5277,20.4313,56.7311,20.1091,70.8719,20.3078,71.9055,59.5671
8.7298,5.7399,9.1325,0.0053,30.1470,54.4922,139.5446,21.4715,57.7602,20.6894,139.3575,20.0092
0.7094,98.6908,3.0824,0.0044,30.6209,54.2822,39.6299,20.0743,124.2125,23.3966,137.7182,20.1286
0.3692,154.0046,2.6501,0.0020,33.0983,54.9824,39.9826,20.0371,38.3816,42.3917,125.0116,20.9730
1.6332,98.1746,7.8277,0.0043,29.3953,20.0731,75.5578,26.8946,104.1106,20.8464,139.6127,22.1170
6.8637,49.6970,0.5812,0.0127,29.2213,20.0019,87.3006,27.0002,103.3923,20.1516,135.4305,20.0945
3.2579,60.4306,8.9077,0.0114,28.7522,20.0260,139.9892,27.4262,119.7840,20.0003,139.5910,24.7734
16.8146,6.8106,20.7823,0.0051,29.4317,23.6530,36.6937,22.0603,125.8019,20.2127,139.6394,20.0805
5.2186,13.3463,5.7506,0.0057,28.2690,20.0004,139.9802,20.0000,140.0000,22.0570,139.9977,20.0000
0.3397,119.3558,1.9901,0.0021,33.1487,55.9079,39.4307,20.0303,38.7300,43.0272,124.2818,20.2304
0.3967,135.5958,2.4403,0.0021,33.0893,54.8485,39.5029,20.9782,38.2539,42.8848,126.5265,20.0308
3.8072,23.7069,7.3080,0.0065,28.6116,20.2403,138.5150,24.1982,130.0440,20.0290,135.8799,24.6613
9.6564,44.1521,1.1085,0.0131,29.1874,20.9168,92.7385,20.4397,106.6973,20.4825,130.0870,25.4224
3.2965,85.7439,13.5198,0.0090,28.3727,20.1654,139.9762,20.8151,120.6695,20.0105,139.5370,20.1830
2.0383,28.2541,3.7253,0.0006,36.0602,51.9982,36.4685,21.7593,68.5620,27.1596,67.5742,112.6250
5.8100,49.8891,2.0835,0.0158,28.8068,20.0529,139.9807,27.7697,138.7438,20.0005,117.0312,25.2125
12.0296,3.0468,12.2935,0.0043,31.9633,20.6547,50.7081,32.6300,75.1888,25.1051,137.3061,62.1941
6.5052,9.7713,8.5333,0.0008,35.9498,46.7136,39.6163,20.0684,76.8539,42.6001,67.5552,113.2711
13.9679,4.4964,15.9005,0.0007,36.8852,20.5505,26.2659,50.7611,20.5812,37.7256,62.7067,51.4203
10.9243,7.7501,12.7063,0.0056,28.5452,20.3300,101.2602,20.6175,137.5125,20.4065,139.1694,20.0726
3.0654,101.0875,14.1362,0.0101,28.6966,20.0327,139.4751,24.3963,115.0440,20.0622,139.6128,24.8739
3.1742,65.4969,10.2566,0.0106,28.5917,20.0936,139.8254,26.6777,119.2069,20.1208,138.8417,20.2001
2.8929,106.1843,13.9707,0.0108,28.8655,20.0418,139.8919,27.9783,108.1061,20.0622,139.9931,24.8739
3.6302,13.3590,5.1281,0.0032,35.5241,20.3957,75.0497,21.2035,102.4267,61.9634,22.3520,118.3725
5.5713,44.7381,2.6209,0.0135,28.5515,20.0187,139.7339,25.6823,139.3655,20.0537,121.9069,20.8285
5.5188,11.1646,6.5197,0.0042,28.5626,20.0143,137.9418,23.7277,139.3858,26.0353,137.2621,20.0793
19.9522,3.5231,21.9548,0.0017,30.9460,20.3998,47.3776,24.2519,105.2160,24.6414,135.8108,52.7246
16.7624,5.3869,18.9471,0.0005,35.5604,20.1299,44.6567,20.0683,51.9989,26.4276,67.1703,116.6515
20.0169,5.3879,23.1753,0.0017,31.4187,26.6027,33.5447,26.5156,115.9329,24.8734,136.7056,57.2628
0.4796,36.8925,0.9831,0.0008,40.0174,59.4649,32.6410,28.3426,34.5334,64.3269,20.5553,112.2792
4.2139,28.3141,4.6739,0.0079,28.5007,20.0996,139.9806,27.1074,131.7565,20.1218,139.8708,20.0033
5.6655,5.8350,6.7191,0.0020,37.8825,20.0073,35.0525,57.7756,37.7860,43.4649,62.0762,122.9462
10.3442,4.9749,12.0212,0.0033,30.5506,28.5325,47.2058,23.7654,138.8362,20.1689,135.8677,51.1907
5.9726,50.7771,1.9362,0.0170,28.7213,20.0848,139.7243,29.5759,138.4103,20.0296,114.3588,20.0332
5.9526,35.1262,4.2727,0.0132,28.4354,20.3813,139.9077,22.1838,138.5295,20.5778,122.5153,20.0117
8.5768,2.1180,8.7896,0.0033,35.7948,20.0432,24.5856,50.0069,61.1390,44.9771,60.1217,56.0039
16.8922,5.6129,20.1015,0.0035,30.3894,22.5479,35.5455,23.9083,124.5187,20.0214,137.5468,43.3012
3.4471,58.2974,11.0487,0.0095,28.5459,20.1382,139.9843,24.5853,122.3932,20.4673,133.7544,20.1761
2.8013,21.7939,3.9456,0.0018,32.8546,49.8364,40.0793,21.2100,70.1179,28.7946,134.3556,58.3148
0.9278,64.3237,1.2817,0.0046,30.6597,55.7471,39.9216,22.4185,125.6057,20.0088,135.7991,20.7504
12.9131,4.2212,13.3172,0.0023,32.5117,20.0273,40.0837,20.2146,69.0185,20.0878,74.4974,50.1061
4.2363,30.1696,6.3531,0.0091,28.4675,22.8145,139.8257,22.5140,129.1915,20.0083,138.2900,20.0899
17.5214,3.1013,19.1318,0.0015,34.0893,20.2969,35.0739,30.1484,48.4736,20.1793,67.9356,55.5692
14.9004,4.5795,16.5393,0.0011,35.9671,20.0366,44.8726,20.7153,50.8675,38.4949,62.5851,112.9785
15.4531,4.9324,17.4900,0.0008,36.4395,20.4505,39.6104,27.7510,47.3878,37.5813,61.2253,112.2905
2.9389,107.1254,14.2498,0.0107,28.9120,20.0529,138.3582,29.1541,108.9537,20.0622,139.8451,24.8739
0.4083,115.0313,2.2567,0.0022,31.7146,54.7497,37.4392,21.4715,56.0604,20.1435,136.7373,20.0001
7.5005,42.1553,1.8244,0.0175,28.6957,29.1430,139.7115,20.2948,138.5170,20.0109,116.5338,20.0327
6.9036,40.4366,2.1172,0.0144,28.7397,28.3493,139.7363,20.0359,138.4372,20.1097,120.5085,23.1975
3.2268,84.2211,13.1685,0.0091,28.5144,20.0004,139.9707,21.3730,120.6695,20.1710,138.9753,23.6446
4.7376,11.3275,5.4953,0.0057,28.2464,20.3696,139.9775,20.1484,138.1703,20.0020,138.3132,20.1803
3.4127,57.7377,8.1358,0.0118,28.7928,20.0552,139.8059,29.6045,118.4819,20.0511,138.4812,23.1414
9.9010,43.9433,1.3474,0.0110,30.1103,20.1783,84.7235,27.0680,113.8128,20.2282,56.7893,20.1569
3.0328,117.4816,15.4962,0.0099,28.8030,20.0551,139.8608,27.4427,105.4337,20.1157,139.5967,22.7574
20.4962,1.9682,21.4892,0.0016,34.3762,24.1257,44.1211,20.3555,38.8133,29.1681,66.4766,58.2150
3.5731,38.2479,7.0315,0.0088,28.7176,20.0529,138.5971,27.4262,126.1061,20.0025,138.8860,24.6674
4.5001,55.5078,1.1830,0.0117,29.6105,20.0200,84.0817,27.8032,103.3490,20.1198,137.4693,29.3942
1.1465,43.4631,2.9797,0.0039,29.9551,55.0828,101.9774,26.1256,132.7732,20.0412,135.7872,20.7891
12.1009,6.1589,14.8346,0.0023,30.0806,21.1828,45.5137,24.7523,135.5146,20.0102,71.3744,20.0066
5.3790,13.6302,7.1884,0.0010,35.6950,47.7256,39.6163,20.0684,76.8539,30.4518,67.5552,113.2711
3.9038,32.1177,7.8775,0.0025,30.4590,20.0015,76.9988,25.2793,81.2575,20.9918,72.2177,20.2512
20.3407,1.6168,21.3400,0.0021,33.9870,22.6732,40.5267,26.8641,41.8996,22.6813,69.3481,51.6348
1.5778,102.3495,7.6682,0.0053,29.6737,20.1930,75.6015,26.8946,101.8990,25.6323,138.1548,23.5389
6.3188,51.7146,0.8335,0.0118,30.0300,20.4089,84.7235,27.0778,107.5700,20.1532,69.0088,20.1593
15.6593,3.6163,17.1232,0.0012,33.5753,21.3670,40.0637,20.3082,57.1806,28.1051,67.5749,53.9324
18.7339,1.9663,19.9161,0.0014,37.3515,26.2454,41.9623,28.3040,24.1687,44.2320,62.1865,108.4382
4.5271,20.9013,6.2108,0.0034,29.1828,22.4913,138.7693,28.5951,138.9390,20.3834,69.3305,20.3035
16.4117,2.9910,17.8036,0.0010,36.9289,28.4549,20.1946,51.0770,23.1688,31.3999,68.7933,54.8335
0.5901,94.7376,1.8717,0.0011,39.4398,55.3964,38.9119,26.8599,39.0778,64.2721,22.0803,113.3546
17.8094,2.6439,19.2526,0.0017,34.0011,20.4021,36.2947,29.5832,48.4736,20.1961,68.8919,55.5692
9.0045,8.8779,9.8746,0.0062,28.7534,20.0114,97.9440,20.1025,139.9743,23.2402,139.9977,23.9558
1.7732,43.5119,0.2932,0.0035,40.7809,61.0324,30.6903,92.2933,32.2111,59.1266,20.3186,98.8213
17.1547,4.5507,19.0217,0.0007,35.5879,20.0171,44.6567,20.4137,50.8299,27.0130,67.1703,115.5321
19.8082,3.7613,22.1210,0.0018,31.2009,27.1764,35.3624,21.2288,117.8425,24.8734,136.7056,56.9970
3.7115,37.1772,8.1026,0.0082,28.3453,20.0846,139.8709,22.0583,129.4179,20.0175,139.9812,20.0466
17.4202,4.2622,19.6302,0.0005,35.1228,34.7499,29.0726,20.9076,47.4036,36.0383,61.4504,49.6590
6.3054,45.1213,2.1140,0.0162,28.8237,22.9205,139.8303,27.0314,136.3287,20.0021,116.5679,22.8783
14.5974,4.9895,16.6009,0.0012,33.4988,20.0370,35.9238,20.6745,58.1896,20.0136,65.4668,57.1955
7.7296,5.2206,8.4498,0.0025,35.5763,20.3301,29.0872,53.7017,37.8813,43.4536,59.2686,24.1908
16.0054,1.9202,17.1625,0.0013,37.5896,36.8740,20.3613,41.8058,20.0169,46.9221,61.5630,47.5878
7.6471,2.9186,7.4465,0.0045,35.2872,21.3540,26.0412,50.9870,58.5686,35.6984,62.4814,47.7497
0.5909,117.0516,3.3736,0.0033,31.1515,55.7072,35.1684,22.3078,125.5930,20.0142,135.8642,33.7310
7.2377,46.5192,1.1689,0.0132,29.2634,20.0019,87.3006,26.7654,106.7758,20.0959,136.3476,22.6561
10.7305,2.5421,10.6331,0.0044,29.9455,23.1123,117.0296,30.1927,138.4930,25.6140,134.7454,49.2880
3.2072,62.7221,9.3854,0.0114,28.7339,20.0058,139.9892,26.7699,119.7840,20.1609,139.7464,24.7734
2.9214,61.6428,0.7013,0.0081,30.3723,63.1125,99.6203,26.7994,130.4914,20.0678,136.4105,24.6312
14.3599,2.6814,15.1212,0.0025,32.0265,20.7377,33.4361,21.9097,126.0492,20.6163,71.0289,61.5841
14.4633,7.9860,17.8900,0.0043,28.7156,20.8381,104.7137,23.0225,127.2729,20.1044,136.3974,20.0901
5.9910,34.9055,4.2561,0.0132,28.4566,20.6512,139.6467,22.1394,138.5295,20.6649,122.6938,20.3035
6.1221,54.3470,0.9079,0.0119,30.0264,20.1801,86.7620,24.6349,105.3120,20.0697,67.9873,22.4138
6.4542,51.8334,1.0199,0.0140,29.1851,20.3876,85.8055,27.1268,107.0928,20.1594,138.9240,20.1363
7.0740,14.3066,9.4475,0.0003,35.8608,20.2026,24.9914,54.8522,109.6343,45.1267,59.1331,110.0744
0.3648,154.9826,2.6522,0.0020,33.1308,55.3158,39.3772,20.0945,38.2378,42.8848,124.2818,20.0112
7.5749,40.3787,2.2084,0.0171,28.6785,28.8487,139.9158,20.0456,137.5499,20.0109,117.0953,20.0209
7.7586,14.4004,10.5376,0.0003,36.1553,42.2724,31.6335,26.4177,67.0794,27.8230,67.2919,112.8583
13.3577,8.4365,16.4964,0.0005,35.3669,20.0874,42.2082,20.6199,59.3460,26.5604,64.3036,111.2256
1.0605,26.1927,0.5781,0.0022,40.3189,59.6055,30.9176,93.2540,33.6897,56.2560,31.6070,105.7460
1.2465,52.1498,3.9233,0.0039,29.7632,55.0616,103.5558,20.6049,134.5935,20.0429,135.0446,20.9554
19.4259,3.9951,21.3112,0.0008,33.8158,27.8085,42.6667,22.2081,46.6811,20.3276,73.7513,58.2168
0.6683,55.5288,1.0416,0.0027,39.6939,61.3670,33.9294,26.5018,38.7670,66.0464,20.0862,103.0205
10.7733,41.7504,1.6123,0.0121,29.2193,20.0515,90.1989,24.5636,107.8372,22.0436,126.7734,20.1862
3.2734,99.9899,15.0519,0.0090,28.4600,20.0515,139.2981,22.4453,117.6147,20.1057,138.3775,20.0887
6.0438,49.8977,2.0700,0.0172,28.7282,20.1762,139.3543,29.5759,138.4103,20.0295,114.4098,20.0734
0.7311,26.3120,0.6843,0.0014,40.4011,60.5918,29.2868,88.1820,33.7144,58.6001,30.0646,104.2876
15.5971,2.2636,15.0370,0.0028,36.8764,22.2863,26.6579,49.5319,20.1449,44.7311,67.5121,50.5743
17.3573,3.6947,19.3270,0.0007,35.0677,34.7499,29.0726,20.1545,47.8676,36.0383,61.7719,49.6590
19.5844,4.2247,21.6009,0.0004,34.8072,20.5146,41.4285,28.6528,38.2180,31.9020,64.4473,57.5738
0.6819,151.6202,4.8795,0.0032,30.7207,55.7007,35.1573,20.0624,125.4748,20.0181,135.8098,22.9817
15.9024,5.5755,17.9565,0.0005,36.5671,25.9093,36.1368,26.7523,50.0098,38.2608,62.1403,112.4768
3.0122,97.3481,13.8223,0.0101,28.7246,20.0194,138.5135,26.7889,114.7702,20.0665,138.6968,22.8296
0.4246,135.0550,2.5581,0.0021,33.1277,54.9335,38.9743,20.9782,38.2646,43.1189,126.5265,20.4665
15.1279,3.8352,16.8830,0.0012,34.9979,21.4051,41.9623,20.0831,59.8644,20.2222,69.3087,109.3538
3.5627,63.3128,11.7831,0.0079,28.3330,20.0055,138.6711,20.6818,126.1344,20.0027,139.5064,20.1640
14.2489,10.2639,18.7447,0.0020,30.0579,21.1455,45.5137,20.8487,127.0779,20.0102,71.3744,20.5773
15.6755,1.6011,15.8734,0.0025,36.1072,20.2720,44.4541,20.8927,47.8676,42.4599,61.4491,108.4386
13.8620,4.0779,15.7394,0.0010,36.7401,20.5338,26.2659,50.7611,21.3256,37.7256,62.7067,47.7497
6.4840,48.4415,1.0662,0.0131,29.0600,20.0245,90.8793,23.3614,102.2686,20.1583,139.2112,21.1095
3.9499,37.5895,2.3275,0.0084,28.9983,20.0007,76.9988,25.2793,129.6976,20.9918,139.5762,20.2512
7.1425,13.6244,9.9971,0.0007,38.8945,70.9477,40.8175,52.1646,23.0084,43.4418,56.7996,107.9593
16.3370,6.0299,18.7606,0.0004,35.4494,20.0211,44.6567,20.1582,53.2878,24.9434,67.1703,115.5321
0.5612,25.4104,1.1069,0.0008,39.7392,55.9274,36.8699,28.2981,37.6244,61.3725,21.6556,123.7840
0.7598,37.9511,0.5008,0.0027,37.2728,60.7535,33.8576,26.5993,109.9375,61.4972,20.0106,111.3160
0.8243,30.6199,0.9256,0.0013,39.9814,60.5918,24.9383,93.8652,33.7144,58.6001,28.6717,47.6238
3.8366,33.8941,9.2410,0.0062,28.4158,20.3324,138.7176,22.0583,129.3970,20.0333,135.3569,20.6793
1.5875,96.6357,7.4479,0.0048,29.6936,20.1930,76.8750,26.8946,99.0453,25.6323,138.1548,23.5883
3.0259,116.3762,15.4076,0.0101,28.7057,20.0524,139.9708,27.4660,105.8261,20.0609,139.6128,20.0712
16.0586,5.5905,18.1409,0.0005,36.5781,25.9093,36.2162,26.7523,49.5581,38.2102,62.1403,112.4768
9.4328,2.7861,9.4127,0.0031,34.0842,20.0878,33.2159,40.4869,60.3697,28.7163,63.3959,41.3508
0.7638,90.6198,0.6706,0.0043,31.6998,56.0243,39.9308,21.4723,55.6597,20.1418,138.3132,20.1870
16.9189,1.1275,17.3092,0.0019,38.6389,38.5647,24.4340,34.5691,20.4520,48.7376,63.8508,111.2722
4.6916,19.2668,7.2293,0.0062,28.2929,20.0055,137.8745,20.4480,136.3316,20.9234,139.5064,20.1640
18.6468,1.7619,19.6862,0.0016,37.3913,26.0097,41.9623,28.3040,24.1687,44.9488,62.1865,109.7096
18.6980,1.1630,18.8906,0.0022,36.8890,22.3277,43.6261,27.2257,31.8543,44.2320,62.4825,108.4382
0.4052,132.7695,2.4280,0.0021,33.0825,54.8485,39.5029,20.9782,38.2539,42.8848,126.8165,20.0308
0.4599,51.3845,1.1515,0.0006,39.9560,58.3302,33.9294,28.2376,35.1453,64.3269,20.0862,113.4781
1.7934,64.0104,4.9499,0.0071,29.4186,20.4460,75.6015,26.8936,109.4982,23.1813,139.5972,21.5577
2.9855,113.2535,15.0330,0.0102,28.7694,20.0172,139.8043,26.8829,108.4369,20.0217,139.4609,23.1197
2.9786,108.9204,14.6502,0.0107,28.7484,20.0059,138.3582,29.1541,108.9537,20.0622,139.5895,20.0160
1.4423,70.9318,4.6699,0.0063,29.7092,52.7102,108.8993,20.5754,129.4994,22.4548,137.6770,20.0832
10.3237,5.0327,11.9746,0.0033,30.5418,28.6028,47.2058,23.7654,138.8362,20.1860,135.8677,50.8341
15.0144,6.9020,17.3544,0.0004,36.0321,22.5776,44.8726,20.7153,50.8675,38.4949,62.5851,112.9785
3.9682,37.3798,9.8175,0.0043,29.1743,20.3228,135.7283,26.3228,126.7167,20.0125,68.6813,20.6820
6.4324,50.1210,2.0231,0.0179,28.7236,22.5495,139.8237,26.9102,139.5934,20.0001,113.3195,20.3880
1.1184,39.5356,0.3422,0.0030,40.8322,61.0324,30.6903,91.0842,32.2111,61.7624,20.3186,102.2505
1.2448,37.8795,0.3156,0.0028,40.6808,61.0324,29.4543,92.0066,32.2111,58.3676,25.8151,106.1928
12.7245,1.6876,13.5130,0.0017,36.9630,20.5173,26.3236,50.8496,22.3446,45.0067,61.5805,47.7301
2.3737,94.8606,0.2137,0.0094,34.4494,60.4225,32.7486,27.5817,51.0730,25.5776,139.4539,86.3892
4.9712,14.2575,4.8432,0.0048,28.2287,20.0002,139.9802,20.0000,140.0000,20.0228,135.6918,20.0000
20.6222,4.7796,23.0370,0.0013,31.4415,20.5701,43.2906,27.7325,102.2128,29.6289,131.6621,53.7484
17.7977,5.8430,20.5632,0.0004,34.1160,22.0212,36.5764,30.5701,48.4736,20.0061,67.9729,55.5692
14.3194,7.4064,16.8991,0.0002,35.2365,20.0202,44.6551,20.0378,58.8720,24.9673,68.4853,115.3205
13.9940,5.9113,16.4947,0.0010,33.2094,20.0240,41.1660,20.1005,60.8897,21.9155,67.4829,56.0039
0.3603,152.2237,2.5864,0.0020,33.1281,55.3158,39.5029,20.0945,38.2378,42.8848,124.2818,20.0185
4.3673,26.7933,4.1026,0.0074,28.6023,20.0004,139.3417,29.9232,131.7693,20.0091,139.7935,20.3352
22.2041,2.7738,23.8748,0.0017,31.9043,26.5063,35.5934,30.2608,101.6529,28.8246,134.2721,57.5567
0.9309,114.8658,4.9849,0.0033,30.4499,51.2904,39.6299,22.2111,125.9092,20.0280,137.8055,20.0927
11.2215,1.3779,11.3874,0.0037,32.1537,21.5092,57.1323,20.2674,83.3137,20.1488,71.7347,56.2318
7.6365,42.8532,1.7755,0.0181,28.6880,29.1430,139.9158,20.0099,139.1367,20.0265,115.5327,20.0327
1.0516,25.5809,0.5966,0.0022,40.3113,59.6055,30.9176,93.2540,33.8933,56.2560,31.6070,105.7460
3.1244,71.1877,10.5260,0.0117,28.7319,20.0386,139.8038,26.8829,117.5965,20.9017,139.4609,23.2155
4.2405,13.8337,6.1205,0.0057,28.3592,20.1382,139.2366,22.2523,134.2324,20.2792,136.9379,20.1761
0.4208,119.8847,2.4046,0.0021,31.6522,54.9420,37.5013,20.0875,56.6980,20.1006,136.8904,20.0396
5.9389,35.1489,4.1858,0.0131,28.4473,20.5133,139.9042,22.1394,138.5295,20.5843,122.6938,20.3035
8.2552,11.5925,10.8257,0.0005,38.1680,20.1793,27.8765,53.7682,31.9526,43.4536,57.9928,109.6872
0.9444,20.9690,0.7219,0.0022,39.7965,60.5918,29.2868,93.8652,33.7144,58.6001,28.6717,47.6238
3.0438,103.3537,14.5050,0.0100,28.7323,20.0275,138.2860,26.7659,113.8683,20.0618,138.6968,22.8189
7.8204,13.1813,10.6121,0.0009,32.7894,20.0995,56.6456,20.0249,70.8719,26.3722,72.2362,60.9310
0.8943,35.3021,1.9703,0.0012,39.6182,57.3804,33.9294,22.8407,35.1542,64.0091,20.0862,97.9740
12.9669,1.9912,13.2635,0.0019,36.9072,20.5173,31.8989,49.6802,20.3171,49.3465,61.5805,47.8899
9.0590,1.9752,9.5114,0.0032,36.1223,20.0878,31.3559,40.4869,60.3697,28.7163,63.3959,105.0504
18.5211,1.4884,18.9868,0.0024,33.2573,20.1031,43.5603,27.8111,48.0729,20.0485,73.7513,48.3329
1.5884,81.1134,6.4217,0.0056,29.4235,20.0731,77.1777,26.8946,102.3744,23.6251,139.6127,20.0442
7.5291,5.4816,9.0241,0.0023,38.3667,20.2108,39.8671,54.8237,23.4271,47.8686,57.9862,121.4879
0.6203,104.4060,2.9028,0.0040,30.7033,57.3143,34.9806,20.3020,125.4748,20.0141,138.7137,21.7153
2.1003,56.6171,4.4533,0.0075,29.2653,20.3876,77.9181,27.1268,107.0928,20.1594,138.9240,20.1363
3.1380,64.7616,9.9850,0.0107,28.7693,20.0529,139.4209,27.4262,118.9489,20.0025,138.8860,24.7734
7.1692,3.8275,8.2009,0.0026,38.4033,20.2108,39.8429,56.3941,23.2266,47.8686,57.9862,121.4879
2.4556,57.2464,0.7235,0.0069,30.3827,62.0355,99.6203,28.6865,130.5418,20.2724,135.3460,23.6013
2.9728,90.0768,12.8409,0.0107,28.6855,20.0275,139.8673,26.4598,114.5513,20.0665,138.9094,22.3003
2.0784,54.2112,4.2134,0.0073,29.3287,20.2386,79.3077,26.2871,105.8407,20.0423,139.6260,23.1409
3.0240,114.1606,15.1624,0.0102,28.7077,20.0475,139.9900,26.2203,108.4377,20.1154,139.9004,21.9901
1.7189,104.5988,8.5108,0.0041,29.3706,20.0731,75.5578,26.8944,102.3131,20.8464,139.6127,20.9664
2.0281,52.9341,5.2674,0.0067,29.5304,21.3837,73.6677,28.5965,110.5554,20.0411,136.9531,24.0389
18.9086,6.1759,17.7935,0.0086,29.1192,20.9656,105.7927,28.5048,103.3595,20.1076,139.3718,20.8235
8.1898,12.7773,10.9364,0.0008,32.7648,20.7377,55.5519,20.1091,70.8719,25.2188,71.9055,59.7985
2.9531,113.3291,14.9004,0.0103,28.8069,20.0551,139.8673,28.4084,105.4337,20.1269,139.5967,21.8973
13.6916,4.2988,15.6062,0.0008,36.7069,20.5172,26.2659,50.8432,22.4088,38.1197,62.7067,47.7497
22.1604,3.6041,24.2749,0.0014,31.9318,27.3474,35.5482,30.2608,101.6529,28.8246,134.2532,57.5567
11.4424,4.8776,13.3446,0.0010,38.1194,20.0853,24.9677,50.2681,29.4646,42.4797,59.0450,103.5377
19.8778,4.5830,22.3180,0.0039,30.4718,22.3901,44.4543,23.8498,107.9650,20.1598,137.3587,42.7412
0.4723,77.7488,1.4206,0.0009,39.7899,58.3302,33.8536,28.0345,39.0778,64.3269,20.0862,113.3546
19.3466,3.6756,20.3618,0.0014,32.0711,20.0694,40.9996,20.6728,42.6506,20.0217,64.0981,20.0431
7.5294,12.0357,9.7342,0.0003,38.4678,20.1657,24.9840,57.5332,28.8329,45.1034,59.1331,110.0744
3.3304,76.2207,12.9023,0.0083,28.3763,20.3314,139.9431,20.8553,122.2161,20.0006,138.3529,20.1581
0.5781,110.6091,3.1093,0.0035,30.8932,56.8436,34.2133,21.8523,125.5665,20.4175,136.5889,24.6974
18.4396,2.2109,19.4892,0.0015,33.7547,22.8023,41.9245,20.0760,50.3676,28.6822,67.5749,52.8985
8.9184,4.3757,8.9341,0.0045,32.5353,20.4313,56.7311,20.0039,73.1447,20.3109,66.1644,57.7652
4.6533,16.6285,5.8798,0.0066,28.2533,20.4894,139.9802,20.4817,137.1973,20.0143,139.9762,20.0517
22.6070,1.6609,23.4169,0.0030,31.9616,28.6021,35.2195,30.0882,101.6529,30.5812,137.4575,57.2001
10.5522,3.1122,11.5007,0.0021,35.3954,20.9132,31.6335,20.1276,67.0794,27.9017,67.2919,110.7301
11.9294,3.9049,13.1744,0.0038,30.5906,24.9369,44.4986,22.1932,137.1466,29.2386,66.7699,20.0121
4.6547,30.0231,5.3321,0.0054,29.0286,20.0036,76.9988,24.6297,138.0420,22.1498,130.0108,20.2512
1.7964,66.6514,4.8781,0.0074,29.5935,20.1795,75.5781,26.8946,109.0598,25.6323,138.1692,23.5389
3.6030,66.4428,13.1562,0.0078,28.3932,20.0865,139.7218,20.5825,124.6792,20.0591,134.1780,20.7116
1.7317,24.4751,2.1797,0.0029,29.5977,52.7102,109.5944,20.5754,139.8575,22.2424,137.6368,20.0197
19.4787,4.4661,21.5914,0.0004,34.8012,20.5301,41.4285,28.6528,38.5976,31.9020,64.4473,57.7552
3.3119,78.3036,13.0465,0.0083,28.3667,20.0379,139.9802,20.8553,122.2161,20.0231,138.3529,20.1581
0.6081,133.6976,3.9756,0.0033,30.7420,55.7072,35.1684,21.8679,125.4748,20.0181,135.7991,21.7900
18.4786,2.3347,19.3438,0.0020,35.4076,20.1796,44.2007,27.8111,46.6811,20.4110,73.2472,109.6743
1.4169,37.5431,1.5379,0.0042,30.1781,60.3485,99.6203,26.8377,138.5243,20.0116,136.0096,23.5144
11.5558,3.7724,12.9270,0.0014,37.9085,20.1452,24.3691,46.7331,36.8088,42.4813,59.2681,109.8850
2.1840,49.1287,5.5829,0.0065,29.2185,23.1493,77.5814,23.1259,107.0928,20.1243,139.5600,20.2705
8.1535,6.8901,8.9756,0.0051,30.0988,54.4419,139.5446,21.4756,59.9582,20.0122,139.3575,20.0188
19.1953,2.4552,20.0898,0.0031,31.7416,22.4435,44.4543,23.8682,103.4441,20.1598,67.9873,43.3012
0.5712,36.5898,1.1679,0.0006,39.6697,55.9274,36.8558,28.2981,37.6244,61.3725,23.4011,123.7840
3.7201,35.1312,8.2521,0.0075,28.3235,20.0002,139.9791,21.4267,129.8057,20.0471,139.1541,20.0238
20.6219,0.9750,20.9341,0.0028,34.5435,24.5068,42.1045,20.2268,38.9807,31.1548,66.2866,58.6150
1.3295,25.6308,1.6391,0.0029,30.2867,54.2822,39.6299,20.0743,139.9895,20.0220,139.0647,20.1278
17.4643,7.6455,19.9713,0.0012,32.2844,20.0666,36.3632,22.0420,50.1312,20.9066,62.1411,22.1334
7.5023,42.3910,1.7561,0.0174,28.6942,29.1430,139.9158,20.2948,138.5170,20.0109,116.5338,20.0327
2.4966,86.1664,0.2796,0.0094,32.6328,60.4225,33.9457,26.2076,50.5368,30.0074,137.0497,20.0868
3.7910,5.8994,4.6064,0.0019,36.1724,38.5647,56.8592,34.8288,63.7077,48.7376,63.8508,111.2722
13.8262,5.9434,16.2580,0.0010,33.4016,20.0362,35.9238,20.6745,59.6558,21.9970,64.3419,53.1349
7.8242,7.4671,9.2177,0.0035,32.4947,20.2026,75.3156,54.8522,108.5679,45.1267,58.2877,24.9569
8.9476,2.1231,9.1556,0.0037,32.8744,20.0995,56.3165,22.0079,71.7586,24.9480,67.1473,59.7225
22.1717,3.5784,24.4454,0.0014,31.8982,28.8586,34.3494,29.5575,103.1068,29.3243,134.3605,55.3734
6.1923,45.7585,2.5675,0.0165,28.5645,21.0530,139.9981,25.1203,139.9627,20.0023,117.4960,20.0252
2.3269,94.3581,0.2114,0.0093,34.4578,60.4225,32.7486,27.5817,51.0730,25.5776,139.0763,86.3892
5.1722,20.1009,4.3340,0.0056,28.2875,20.0390,139.9796,20.1191,139.7912,20.9395,132.5262,20.0040
5.0285,12.8612,5.5812,0.0055,28.2713,20.1032,139.7805,20.8808,139.7912,20.9948,139.6784,20.0051
6.9351,43.5119,1.8273,0.0166,28.7116,26.4307,139.9041,22.8199,137.7078,20.6723,117.1303,20.0256
6.3221,44.5242,2.1841,0.0162,28.7329,22.9205,139.8301,27.0354,136.3287,20.0021,116.5679,20.1624
18.5683,4.1879,19.4421,0.0022,30.4749,20.2946,45.0071,20.1582,106.7928,21.6625,66.6871,20.2391
4.2657,28.7729,4.6135,0.0080,28.5069,20.2808,139.9806,27.1205,131.7565,20.1218,139.9015,20.0040
2.0141,63.5301,0.4315,0.0065,30.1961,61.0850,99.7565,26.7994,131.3905,21.2172,136.7473,20.0277
11.3405,3.8700,12.9248,0.0027,33.5543,20.2969,37.3751,30.1484,65.2500,21.8555,67.9356,55.1732
1.1506,82.6457,0.2248,0.0052,33.2269,55.3158,42.4240,25.9414,38.2378,43.1611,126.0508,20.0291
0.2786,103.0948,1.4530,0.0016,34.1356,57.6843,34.0378,25.9303,32.7162,47.3981,121.4747,27.2641
4.8950,47.1334,1.0204,0.0108,30.0012,20.0117,73.0819,42.9012,103.8212,20.1039,138.2900,22.0825
0.3887,134.2364,2.3783,0.0021,33.0927,54.9335,39.5029,20.9782,38.2378,42.8848,126.5265,20.0308
15.5717,2.3563,16.5684,0.0019,35.0159,21.4051,40.9067,20.8437,59.8644,20.2222,70.8123,109.6574
0.7549,58.5093,0.7968,0.0037,31.2567,55.4345,35.1684,29.2992,125.9107,20.0874,135.7991,30.3347
11.8387,7.3099,13.1073,0.0069,29.0098,20.4633,98.7781,27.5701,131.9460,23.0676,139.5853,21.7600
5.3331,17.2944,3.3208,0.0053,30.5453,35.0776,133.6804,22.9057,130.7130,25.2188,63.2217,42.4808
10.2648,3.1823,11.4283,0.0029,34.9386,20.4411,42.9821,20.9058,69.9312,26.2508,65.8500,108.9831
2.9800,83.3328,0.2125,0.0092,35.0454,60.4225,34.3727,26.2076,49.7860,30.0074,137.0226,106.5622
3.1703,68.0584,10.5705,0.0109,28.6042,20.2748,139.8254,26.6908,118.3681,20.1208,138.8742,20.1981
8.2763,10.8780,10.4520,0.0005,33.7177,21.3615,44.5512,39.3436,56.9658,24.4757,66.2388,44.4428
18.4277,7.2655,22.7844,0.0022,32.5773,23.6521,41.1276,27.2570,48.0517,25.4499,135.8386,60.8932
4.6473,15.4688,5.6452,0.0053,28.4822,20.1756,138.4767,27.2627,138.4085,20.0902,138.8426,20.1136
10.5870,6.9247,12.8278,0.0047,29.3854,20.6528,39.9611,22.9219,139.7832,24.3179,136.9701,21.0572
12.7356,5.1896,14.5949,0.0014,33.9808,21.3670,41.9237,21.5610,58.4675,36.6030,62.1899,52.9754
1.5855,26.9963,3.2503,0.0029,29.7884,20.6709,78.1136,20.2256,48.5325,20.0877,139.5007,22.7946
15.5218,2.2208,15.8831,0.0024,32.7525,20.5607,42.1072,20.2067,61.4381,20.9984,73.0173,49.9956
3.8613,19.0628,6.4853,0.0046,29.0539,20.0088,139.3458,26.1964,130.0560,20.0184,70.0745,20.0793
2.9950,90.7385,12.6077,0.0121,28.7599,20.0475,139.9900,26.7472,112.9366,21.7285,139.6169,22.3571
19.7605,3.2404,21.5720,0.0009,34.9464,22.3285,43.6261,27.2257,31.8543,36.7713,62.4926,50.1773
2.1359,20.1172,3.5757,0.0007,35.8314,51.6475,40.0238,20.7613,71.5091,27.0871,69.9911,114.9470
1.5862,39.1495,3.2920,0.0006,34.9123,54.5050,36.4918,29.9313,70.2777,30.3780,68.6520,57.5567
1.7192,66.4396,0.8577,0.0067,30.2625,60.3485,99.6203,26.7994,130.3734,20.0122,136.0310,23.5401
2.9983,97.3760,13.9565,0.0105,28.8481,20.0475,139.9900,26.4243,113.1692,20.1733,136.6885,26.2340
2.6857,34.9119,6.4044,0.0046,29.3313,21.3837,70.3118,24.5501,122.5574,20.0411,133.6447,24.2830
4.3148,11.0792,4.8949,0.0057,28.4004,20.1382,139.7663,23.7094,135.0755,20.4673,137.0218,20.0551
10.0537,48.2162,0.6371,0.0139,29.2714,20.0206,90.5115,24.6271,103.8204,21.9091,127.0614,20.7241
3.1611,93.3285,13.9477,0.0094,28.4494,20.0174,139.9048,22.5659,118.2168,20.1609,138.9098,20.0026
1.4510,19.5964,1.7446,0.0024,31.1435,60.4546,33.9494,26.0042,136.9918,30.0074,137.0497,20.0868
5.8204,49.6548,2.1123,0.0158,28.8019,20.0529,139.9807,27.7034,138.7438,20.0005,117.0312,25.1333
8.3022,12.5628,10.7756,0.0007,32.6274,20.7377,56.5033,22.4638,70.8719,20.1687,72.4213,59.7985
3.4387,44.2951,8.8482,0.0082,28.5944,20.0117,138.2860,25.4131,126.0098,20.0506,138.6968,22.8189
1.9065,71.3907,7.2392,0.0047,29.2241,21.8324,78.1136,20.2452,108.4556,22.3335,139.1255,22.7946
4.7401,3.6629,4.5354,0.0034,33.7857,50.6958,138.6144,21.8129,71.2155,31.5675,66.5756,112.4684
7.6166,39.8404,1.8909,0.0144,29.0545,28.7989,138.7145,29.5881,130.0486,20.0108,118.2938,20.0209
3.1193,69.8510,10.5562,0.0110,28.6173,20.0472,139.9963,26.5766,118.2583,20.1114,139.4714,21.0817
2.9976,114.0735,15.0636,0.0102,28.8585,20.0220,139.1991,27.5295,108.0284,20.0708,139.7229,24.8739
1.8105,102.5677,8.7929,0.0040,29.3976,20.6305,74.7852,26.8946,102.5977,20.3012,139.7000,21.5456
0.6099,78.9547,0.7935,0.0034,31.8556,54.5006,37.5068,26.5756,56.4303,20.1435,138.6507,20.0892
11.7914,8.8447,14.1963,0.0007,33.1295,20.2969,43.9916,25.7630,65.2500,21.9622,70.6443,55.1732
1.6302,83.1167,6.9622,0.0048,29.2268,20.0614,75.2815,26.1910,108.9617,20.0144,139.8397,20.5800
